features,corr
alcohol,0.48486621180851286
sulphates,0.2577102599306222
citric acid,0.2408208371471932
fixed acidity,0.12197009989725921
residual sugar,0.022001930579966893
pH,-0.05245303335788234
free sulfur dioxide,-0.06325964147253867
chlorides,-0.12408453132892908
density,-0.17520792322644943
total sulfur dioxide,-0.18333914747213
volatile acidity,-0.4073935129243842
